name,scholarly_or_official_url,license,access_date,resource_type,acquisition_method,integration_mode,supported_claim,internals_modified
QServe,https://proceedings.mlsys.org/paper_files/paper/2025/file/fbe2b2f74a2ece8070d8fb073717bda6-Paper-Conference.pdf,Publisher copyright; PDF not redistributed,2026-09-14,research paper,primary web PDF and page images,citation and independently written schema,integer source boundary; no production code imported,no
Alive2,https://users.cs.utah.edu/~regehr/alive2-pldi21.pdf,ACM copyright; author manuscript not redistributed,2026-09-14,research paper,author-hosted primary PDF,literature only; tool not executed,general-IR closest work,no
Halide translation validation,https://cambium.inria.fr/~bclement/papers/tv-oopsla-2022.pdf,Author manuscript; not redistributed,2026-09-14,research paper,author-hosted primary PDF,literature only,compiler mapping and index-overflow boundary,no
MLIR translation validation,https://link.springer.com/chapter/10.1007/978-3-031-13188-2_19,Publisher open-access article; not redistributed,2026-09-14,research paper,publisher and author preprint,literature only,high-level MLIR validation comparison,no
Tenspiler,https://drops.dagstuhl.de/storage/00lipics/lipics-vol313-ecoop2024/LIPIcs.ECOOP.2024.32/LIPIcs.ECOOP.2024.32.pdf,CC BY 4.0; PDF not redistributed,2026-09-14,research paper,publisher primary PDF,literature only,verified lifting comparison,no
LLVM AArch64 translation validation,https://doi.org/10.1145/3763147,ACM copyright; author manuscript not redistributed,2026-09-19,research paper,author publication record and full manuscript,literature only; tool not executed,backend-scale translation validation with executable semantics and ABI obligations,no
Improved Bitwidth-Aware Variable Packing,https://www.cse.iitm.ac.in/~krishna/preprints/taco13/taco13.pdf,Author manuscript; not redistributed,2026-09-14,research paper,author primary PDF; DOI 10.1145/2509420.2509427,literature only,packing versus arithmetic validation,no
Z3 solver paper,https://link.springer.com/chapter/10.1007/978-3-540-78800-3_24,Springer copyright; paper not redistributed,2026-09-14,research publication record,primary publisher and Microsoft record,citation,solver attribution; not a claim of fully reading the paper,no
Z3 shared library,https://github.com/Z3Prover/z3,Expat/MIT upstream; original distribution copyright in licenses/z3-distribution.txt,2026-09-14,external solver binary,copied preinstalled library unchanged,public C API wrapper; vendor/libz3.so.4,direct QF_BV comparisons,no
Z3 public C API,https://z3prover.github.io/api/html/group__capi.html,Public upstream documentation; not redistributed,2026-09-14,tool documentation,primary web documentation,wrapper interface,C API calls in bptc/smt.py,no
ACM acmart supplied assets,https://www.acm.org/publications/authors/submissions,LPPL; supplied original LICENSE retained in paper,2026-09-14,publisher class and bibliography style,matched user-supplied template ZIP,unmodified assets in paper; not required by standalone repository,anonymous internal typesetting family,no
OmniServe inspected source,https://github.com/mit-han-lab/omniserve/blob/02b2925aa6fa3b92b06316a1524b7f38922cd9c8/kernels/csrc/qgemm/w4a8_per_group/gemm_cuda.cu,Upstream repository license; source not redistributed,2026-09-15,public source code,GitHub public source inspection at immutable commit,citation and independently written source-boundary note only,"mask/nibble split, word multiply, and byte-wise correction occur in motivating public kernel",no
LiquidGEMM,https://doi.org/10.1145/3712285.3759852,Publisher copyright; paper not redistributed,2026-09-15,research paper,publisher record and full-paper text,literature only; implementation not executed,prior overflow-safe IMAD-XOR remedy and real kernel/system evaluation,no
The Next 700 Accelerated Layers,https://doi.org/10.1145/3355606,Publisher copyright; author PDF not redistributed,2026-09-15,TACO research article,author full PDF and publisher record,12-paper venue calibration only,venue-native mechanism-to-real-kernel/performance pattern,no
MATOG,https://doi.org/10.1145/3106341,Publisher copyright; paper not redistributed,2026-09-15,TACO research article,publisher article record/full text,12-paper venue calibration only,array-layout autotuning and GPU evaluation pattern,no
VectorWeaver,https://doi.org/10.1145/3799719,Publisher copyright; paper not redistributed,2026-09-15,TACO research article,publisher record and indexed PDF text,current-context literature only,stage-aware automated quantized microkernel generation on RISC-V,no
TACO author guidelines,https://dl.acm.org/journal/taco/author-guidelines,Official publisher guidance; not redistributed,2026-09-15,venue guidance,official indexed result; direct page returned HTTP 403,internal page-contract cross-check only,indexed original-submission 20-page ACM 7x10 rule; full live-rule certification unavailable,no
