key	primary_source	access_scope	citation_purpose	qualification	full_text_read_complete
qserve	https://proceedings.mlsys.org/paper_files/paper/2025/hash/fbe2b2f74a2ece8070d8fb073717bda6-Abstract-Conference.html	publisher_record_abstract	W4A8KV4 progressive quantization and register-level dequantization motivate the selected integer block.	Only the displayed primary record, abstract, or cited first-page material was rechecked; no claim of complete full-text reading.	False
omniserve	https://github.com/mit-han-lab/omniserve/blob/02b2925aa6fa3b92b06316a1524b7f38922cd9c8/kernels/csrc/qgemm/w4a8_per_group/gemm_cuda.cu	retained_source_provenance	Frozen arithmetic source block.	Existing immutable-commit source and license evidence retained and locally audited. No new upstream network fetch was performed in this re-verification.	False
liquidgemm	https://arxiv.org/abs/2509.01229	author_abstract_record	Overflow-safe W4A8 dequantization is prior kernel work, not a new contribution of this study.	Only the displayed primary record, abstract, or cited first-page material was rechecked; no claim of complete full-text reading.	False
qqq	https://arxiv.org/abs/2406.09904	author_abstract_record	Contrast mixed four-bit quantization calibration with exact integer implementation checking.	Only the displayed primary record, abstract, or cited first-page material was rechecked; no claim of complete full-text reading.	False
smoothquant	https://arxiv.org/abs/2211.10438	author_abstract_record	Activation-outlier smoothing is a quantization transformation, not bit-exact lowering validation.	Only the displayed primary record, abstract, or cited first-page material was rechecked; no claim of complete full-text reading.	False
awq	https://proceedings.mlsys.org/paper_files/paper/2024/hash/42a452cbafa9dd64e9ba4aa95cc1ef21-Abstract-Conference.html	publisher_record_abstract	Activation-aware weight calibration and packing motivate low-bit representations.	Formal MLSys 2024 title includes On-Device. The current arXiv title is shorter; the chosen version is now internally consistent.	False
gptq	https://arxiv.org/abs/2210.17323	author_abstract_record	Second-order weight quantization optimizes approximation error, not integer refinement.	Only the displayed primary record, abstract, or cited first-page material was rechecked; no claim of complete full-text reading.	False
llmint8	https://arxiv.org/abs/2208.07339	author_abstract_record	Mixed-precision outlier decomposition is outside the fixed integer-only fragment.	Only the displayed primary record, abstract, or cited first-page material was rechecked; no claim of complete full-text reading.	False
zeroquant	https://arxiv.org/abs/2206.01861	author_abstract_record	Fine-grained quantization and backend co-design provide system context.	Only the displayed primary record, abstract, or cited first-page material was rechecked; no claim of complete full-text reading.	False
omniquant	https://arxiv.org/abs/2308.13137	author_abstract_record	Learnable clipping and equivalent transformations are calibration methods, not proof certificates.	Only the displayed primary record, abstract, or cited first-page material was rechecked; no claim of complete full-text reading.	False
spqr	https://arxiv.org/abs/2306.03078	author_abstract_record	Sparse high-precision outliers illustrate representations excluded by the nibble-box model.	Only the displayed primary record, abstract, or cited first-page material was rechecked; no claim of complete full-text reading.	False
aqlm	https://arxiv.org/abs/2401.06118	author_abstract_record	Additive codebook quantization lies outside scalar nibble multiplication.	Only the displayed primary record, abstract, or cited first-page material was rechecked; no claim of complete full-text reading.	False
quik	https://arxiv.org/abs/2310.09259	author_abstract_record	Hybrid four-bit inference handles outliers rather than proving arbitrary accumulator schedules.	Only the displayed primary record, abstract, or cited first-page material was rechecked; no claim of complete full-text reading.	False
atom	https://arxiv.org/abs/2310.19102	author_abstract_record	Low-bit mixed-precision serving is system context; no benchmark result is reused.	Only the displayed primary record, abstract, or cited first-page material was rechecked; no claim of complete full-text reading.	False
quarot	https://arxiv.org/abs/2404.00456	author_abstract_record	Orthogonal rotation removes activation outliers; it is not a theorem about the frozen byte program.	Only the displayed primary record, abstract, or cited first-page material was rechecked; no claim of complete full-text reading.	False
marlin	https://arxiv.org/abs/2408.11743	author_abstract_record	Mixed-precision GPU execution is related implementation context, not an evaluated baseline.	Only the displayed primary record, abstract, or cited first-page material was rechecked; no claim of complete full-text reading.	False
integeronly	https://arxiv.org/abs/1712.05877	author_abstract_record	Integer-only quantization distinguishes representation approximation from implementation equivalence.	Only the displayed primary record, abstract, or cited first-page material was rechecked; no claim of complete full-text reading.	False
tvm	https://arxiv.org/abs/1802.04799	author_abstract_record	Graph/operator compiler optimizations provide a possible consumer, not an implemented integration.	Only the displayed primary record, abstract, or cited first-page material was rechecked; no claim of complete full-text reading.	False
ansor	https://arxiv.org/abs/2006.06762	author_abstract_record	Automatic program search and learned cost models are orthogonal to fixed-candidate correctness.	Only the displayed primary record, abstract, or cited first-page material was rechecked; no claim of complete full-text reading.	False
tensorir	https://arxiv.org/abs/2207.04296	author_abstract_record	Tensor-level instruction abstractions define wider compiler scope than the finite schedule.	Only the displayed primary record, abstract, or cited first-page material was rechecked; no claim of complete full-text reading.	False
mlir	https://mlir.llvm.org/getting_started/Faq/	project_bibliography	Extensible intermediate representations are infrastructure, not an existing importer in this artifact.	Only the displayed primary record, abstract, or cited first-page material was rechecked; no claim of complete full-text reading.	False
triton	https://research.ibm.com/publications/triton-an-intermediate-language-and-compiler-for-tiled-neural-network-computations	author_institution_record	Tiled programs motivate kernel generation; no Triton integration is claimed.	Only the displayed primary record, abstract, or cited first-page material was rechecked; no claim of complete full-text reading.	False
halide-dsl	https://halide-lang.org/	project_bibliography	Separating algorithms from schedules motivates checking a chosen schedule.	Only the displayed primary record, abstract, or cited first-page material was rechecked; no claim of complete full-text reading.	False
fbgemm	https://arxiv.org/abs/2101.05615	author_abstract_record	CPU low-precision kernels demonstrate a hardware setting distinct from the CPU checker runtime.	Only the displayed primary record, abstract, or cited first-page material was rechecked; no claim of complete full-text reading.	False
translationvalidation	https://link.springer.com/chapter/10.1007/BFb0054170	publisher_record_abstract	Per-translation refinement checking rather than proving the translator once.	Only the displayed primary record, abstract, or cited first-page material was rechecked; no claim of complete full-text reading.	False
neculatv	https://people.eecs.berkeley.edu/~necula/papers.html	author_bibliography	Translation validation for optimizing compilers; not a new idea of this manuscript.	Only the displayed primary record, abstract, or cited first-page material was rechecked; no claim of complete full-text reading.	False
tristanleroy	https://xavierleroy.org/bibrefs/Tristan-Leroy-scheduling.html	author_record_abstract	Mechanized soundness of scheduling validators; distinct from our written proofs.	Only the displayed primary record, abstract, or cited first-page material was rechecked; no claim of complete full-text reading.	False
compcert	https://cv.hal.science/xavier-leroy	author_bibliography	CompCert compiler verification; correct target of the dedicated CompCert citation.	Only the displayed primary record, abstract, or cited first-page material was rechecked; no claim of complete full-text reading.	False
compcert-backend	https://arxiv.org/abs/0902.2137	author_abstract_record	Coq semantic-preservation proof for a compiler back end.	Author manuscript identity and abstract checked. Formal JAR version is retained separately from the arXiv posting date.	False
alive	https://www.microsoft.com/en-us/research/publication/provably-correct-peephole-optimizations-alive/	author_institution_record	DSL and SMT validation of LLVM peephole optimizations.	Only the displayed primary record, abstract, or cited first-page material was rechecked; no claim of complete full-text reading.	False
alive2	https://users.cs.utah.edu/~regehr/alive2-pldi21.pdf	author_pdf_titlepage_abstract	Bounded LLVM refinement validation, including undefined behavior; not an evaluated baseline here.	Only the displayed primary record, abstract, or cited first-page material was rechecked; no claim of complete full-text reading.	False
halide	https://storage.googleapis.com/gweb-research2023-media/pubtools/6569.pdf	author_pdf_titlepage_abstract	End-to-end validation of affine Halide specifications, much broader source integration.	Only the displayed primary record, abstract, or cited first-page material was rechecked; no claim of complete full-text reading.	False
mlirtv	https://link.springer.com/chapter/10.1007/978-3-031-13188-2_19	publisher_record_abstract	SMT-based machine-learning compiler translation validation.	Only the displayed primary record, abstract, or cited first-page material was rechecked; no claim of complete full-text reading.	False
tenspiler	https://drops.dagstuhl.de/entities/document/10.4230/LIPIcs.ECOOP.2024.32	publisher_record_abstract	Verified lifting for tensor operations, not a predecessor benchmarked by this artifact.	Only the displayed primary record, abstract, or cited first-page material was rechecked; no claim of complete full-text reading.	False
aarch64tv	https://web.ist.utl.pt/nuno.lopes/pubs.php?id=armtv-oopsla25	author_record_abstract	LLVM-to-AArch64 refinement and ABI semantics are outside our arithmetic model.	Only the displayed primary record, abstract, or cited first-page material was rechecked; no claim of complete full-text reading.	False
verification-dialects	https://pldi25.sigplan.org/details/pldi-2025-papers/60/First-Class-Verification-Dialects-for-MLIR	conference_record_abstract	First-class verification dialects are a broader compiler-infrastructure approach.	Only the displayed primary record, abstract, or cited first-page material was rechecked; no claim of complete full-text reading.	False
polyhedral-verified	https://xavierleroy.org/publi/polyhedral-codegen.pdf	author_pdf_titlepage_abstract	Verified polyhedral code generation; different proof object from arithmetic schedules.	Author-hosted full paper: title page and abstract directly viewed; two authors, 2021, PACMPL 5 POPL article 40, DOI 10.1145/3434321. Full proof not independently rechecked.	False
blocksim	https://www-verimag.imag.fr/~boulme/pub/poster_OOPSLA23.pdf	author_poster_and_indexed_paper_record	Block simulations for optimization correctness; broader transformations than this model.	All five author names and symbolic block-simulation mechanism checked against the author-hosted one-page OOPSLA23 poster; publication identity also checked in indexed HAL metadata. Poster access is not a full-paper reading; journal pagination is retained, not independently verified from the paper.	False
stoke	https://arxiv.org/abs/1211.0557	author_abstract_record	Stochastic superoptimization searches for implementations; our tool checks given schedules.	Only the displayed primary record, abstract, or cited first-page material was rechecked; no claim of complete full-text reading.	False
denali	https://people.csail.mit.edu/randall/papers/abstracts/denali.html	author_record_abstract	Goal-directed superoptimization, distinct from certificate replay.	Only the displayed primary record, abstract, or cited first-page material was rechecked; no claim of complete full-text reading.	False
superoptimizer	https://dl.acm.org/doi/10.1145/36206.36194	indexed_primary_record_partial	Shortest-program search, distinct from least counterexample for a fixed program.	Direct full-text retrieval was blocked or unavailable. The indexed primary record establishes identity/topic only; it does not certify every page, volume, byline field, or result.	False
souper	https://arxiv.org/abs/1711.04422	author_abstract_record	Synthesis proposes optimized fragments; checking remains a distinct obligation.	Only the displayed primary record, abstract, or cited first-page material was rechecked; no claim of complete full-text reading.	False
pcc	https://people.eecs.berkeley.edu/~necula/papers.html	author_bibliography	Untrusted producer and separately checked evidence are established proof-carrying principles.	Only the displayed primary record, abstract, or cited first-page material was rechecked; no claim of complete full-text reading.	False
klee	https://www.usenix.org/conference/osdi-08/klee-unassisted-and-automatic-generation-high-coverage-tests-complex-systems	publisher_bibliography	Symbolic execution generates tests; finite enumeration here is not full systems-program testing.	Only the displayed primary record, abstract, or cited first-page material was rechecked; no claim of complete full-text reading.	False
cbmc	https://link.springer.com/chapter/10.1007/978-3-642-54862-8_26	publisher_record_abstract	Bit-precise bounded C model checking is an alternative validation approach.	Only the displayed primary record, abstract, or cited first-page material was rechecked; no claim of complete full-text reading.	False
z3	https://link.springer.com/chapter/10.1007/978-3-540-78800-3_24	publisher_record_abstract	General SMT solving, not required by the active standard-library-only implementation.	Only the displayed primary record, abstract, or cited first-page material was rechecked; no claim of complete full-text reading.	False
boolector	https://boolector.github.io/bibtex.html	project_bibliography	Bit-vector and array solving; no comparative timing is claimed.	Official project BibTeX uses 2014 and JSAT 9(1), 53--58. Publisher/original issue metadata also displays 2015. This record follows the project citation convention and removes the erroneous LNCS series.	False
cvc4	https://link.springer.com/chapter/10.1007/978-3-642-22110-1_14	publisher_record_abstract	General SMT infrastructure; not run in this evaluation.	Only the displayed primary record, abstract, or cited first-page material was rechecked; no claim of complete full-text reading.	False
vellvm	https://www.cis.upenn.edu/~stevez/papers/ZNMZ12.pdf	author_pdf_titlepage_abstract	Mechanized LLVM intermediate-representation semantics.	Only the displayed primary record, abstract, or cited first-page material was rechecked; no claim of complete full-text reading.	False
lamport	https://www.microsoft.com/en-us/research/publication/multiple-byte-processing-with-full-word-instructions/	author_institution_record	Historical packed full-word arithmetic and masking.	Only the displayed primary record, abstract, or cited first-page material was rechecked; no claim of complete full-text reading.	False
fisherdietz	https://link.springer.com/chapter/10.1007/3-540-48319-5_19	publisher_record_abstract	SIMD-within-a-register lowering; historical packed-arithmetic context.	The Springer recommended citation uses 1999 for LCPC 1998, while online publication is displayed as 2000; retain the recommended-citation year, not the access date.	False
hackersdelight	https://ptgmedia.pearsoncmg.com/images/9780321842688/samplepages/0321842685.pdf	publisher_title_copyright_contents	Low-level integer and bit manipulation; not a source of our specific certificate theorem.	Publisher sample title/copyright/contents pages were viewed. Second edition and ISBN match. Copyright/selected printing year is 2013; release listings may use 2012. The complete book was not read.	False
integeroverflow	https://wdtz.org/	author_publication_announcement	Overflow can be intentional or erroneous; the cited journal expansion is distinguished from ICSE 2012.	Author announcement explicitly distinguishes the TOSEM journal version from ICSE 2012; the journal DOI is retained.	False
packing	https://www.cse.iitm.ac.in/~krishna/courses/2013/odd-cs6013/NandivadaBarik13.pdf	author_pdf_titlepage_abstract	Bitwidth-aware variable packing concerns register allocation, not this carry equivalence theorem.	Only the displayed primary record, abstract, or cited first-page material was rechecked; no claim of complete full-text reading.	False
fixedpoint-rns	https://doi.org/10.1145/3664923	publisher_record_abstract	Residue encodings require distinct conversion semantics; the present theorem does not cover them.	Only the displayed primary record, abstract, or cited first-page material was rechecked; no claim of complete full-text reading.	False
pico	https://compilers.cs.uni-saarland.de/publications.php/	author_bibliography	Memory-safety check optimization is not established by arithmetic certificates.	Only the displayed primary record, abstract, or cited first-page material was rechecked; no claim of complete full-text reading.	False
interleaved-vectorization	https://publications.scss.tcd.ie/RSS/publications.php?u=dgregg	indexed_author_record	Interleaved data vectorization requires layout reasoning beyond this scalar arithmetic model.	Direct full-text retrieval was blocked or unavailable. The indexed primary record establishes identity/topic only; it does not certify every page, volume, byline field, or result.	False
fixedpoint-conversion	https://dl.acm.org/doi/10.1145/2400682.2400702	indexed_primary_record_partial	Profile-guided floating-to-fixed conversion requires accuracy evidence absent here.	Direct full-text retrieval was blocked or unavailable. The indexed primary record establishes identity/topic only; it does not certify every page, volume, byline field, or result.	False
visual-polyhedral	https://www.pollylabs.org/publications/zinenko-2018-Visual-Program-Manipulation-in-the-Polyhedral-Model.pdf	author_pdf_titlepage_abstract	Interactive polyhedral transformation and visualization; no human-study evidence is inherited.	Author-hosted title page and abstract directly viewed: three authors, TACO 15(1), article 16, 25 pages, 2018, DOI 10.1145/3177961. It is the TACO article, not a conference substitute. Full user study not independently rechecked.	False
armorall	https://dl.acm.org/doi/10.1145/3382132	indexed_primary_record_partial	GPU resilience targets transient faults, not deterministic arithmetic refinement.	Direct full-text retrieval was blocked or unavailable. The indexed primary record establishes identity/topic only; it does not certify every page, volume, byline field, or result.	False
heapcheck	https://research.ibm.com/publications/heapcheck-low-cost-hardware-support-for-memory-safety	author_institution_record	Hardware heap memory safety is a different property from arithmetic equivalence.	Only the displayed primary record, abstract, or cited first-page material was rechecked; no claim of complete full-text reading.	False
ppcg	https://dl.acm.org/doi/10.1145/2400682.2400713	indexed_primary_record_partial	Polyhedral CUDA generation includes schedules and memory mapping excluded here.	Direct full-text retrieval was blocked or unavailable. The indexed primary record establishes identity/topic only; it does not certify every page, volume, byline field, or result.	False
sparse-mlir	https://arxiv.org/abs/2202.04305	author_abstract_record	Sparse tensor code generation is separate from packed integer arithmetic.	Only the displayed primary record, abstract, or cited first-page material was rechecked; no claim of complete full-text reading.	False
cotest	https://tjusail.github.io/people/chenjunjie/index.html	author_announcement_and_indexed_publisher	Compiler optimization exploration motivates testing choices, not statistical generalization from our suite.	Author homepage announces acceptance of this exact title on 24 December 2021; publisher/author indexed records identify Junjie Chen and Chenyao Suo and publication in 2022. No full-text reading or re-execution claimed.	False
mixednumeric	https://dl.acm.org/doi/10.1145/3785473	indexed_primary_record_partial	Mixed numeric precision compilation is optimization work, not the same exact certificate problem.	2026 publisher and author-contributed records identify the title/byline. Full article was not obtained; no technical result beyond the named optimization topic is used. Coauthor Fangxin Liu's homepage groups the work under 2025 and lists the last two authors Guan then Jiang, whereas the retained version-of-record metadata uses 2026 and Jiang then Guan. The accessible author page did not resolve the publication-order discrepancy; the entry remains explicitly qualified, not certified fully correct.	False
vectorweaver	https://dl.acm.org/doi/10.1145/3799719	indexed_primary_record_partial	Stage-aware edge inference optimization has system and workload obligations absent from the finite checker.	2026 publisher and author-contributed records identify the title/byline. Full article was not obtained; no performance number is inherited.	False
next700	https://research.google/pubs/the-next-700-accelerated-layers-from-mathematical-expressions-of-network-computation-graphs-to-accelerated-gpu-kernels-automatically/	author_institution_record	Automatic GPU kernel generation is broader than frozen expression recognition.	Only the displayed primary record, abstract, or cited first-page material was rechecked; no claim of complete full-text reading.	False
matog	https://dl.acm.org/doi/10.1145/3106341	indexed_primary_record_partial	Array-layout autotuning is a performance task not evaluated here.	Direct full-text retrieval was blocked or unavailable. The indexed primary record establishes identity/topic only; it does not certify every page, volume, byline field, or result.	False
