accepted,bits,certificate_bytes,checker_ns,conservative_guard,family,id,maximum_states,mode,n,producer_ns,scalar_ablation,smt,smt_encode_ns,smt_solve_ns,stage,transitions,unique_tables
True,4,1100,164084,True,word-grid,case-001,1,mul_sub,8,149307,True,unsat,36373,50766389,accepted,128,1
True,4,1100,186195,False,word-grid,case-002,1,sub_mul,8,400166,True,unsat,37002,48118263,accepted,128,1
True,4,1101,152002,False,word-grid,case-003,1,word_sub,8,424054,True,unsat,53557,46967949,accepted,128,1
True,4,1104,163413,False,word-grid,case-004,1,word_affine,8,143258,True,unsat,35692,45963337,accepted,128,1
True,4,1104,148801,False,word-grid,case-005,1,sat_mul_sub,8,320504,True,unsat,47505,50132405,accepted,128,1
True,4,1107,161539,False,word-grid,case-006,1,mul_sub,8,155513,True,unsat,35897,47500681,accepted,128,1
True,4,1107,157651,False,word-grid,case-007,1,sub_mul,8,158642,True,unsat,36508,47287510,accepted,128,1
False,4,2103,322123,False,word-grid,case-008,4,word_sub,8,304313,True,sat,35561,69759903,decode,432,1
False,4,2106,307889,False,word-grid,case-009,4,word_affine,8,285958,True,sat,34936,6539394,decode,432,1
False,4,1467,193260,False,word-grid,case-010,2,sat_mul_sub,8,194737,False,sat,43996,5593389,decode,240,1
False,4,2162,353001,False,word-grid,case-011,4,mul_sub,8,304764,False,sat,35248,6396332,decode,464,1
False,4,2162,332701,False,word-grid,case-012,4,sub_mul,8,298541,False,sat,33306,5307890,decode,464,1
False,4,2163,319888,False,word-grid,case-013,4,word_sub,8,323400,False,sat,32630,6481537,decode,464,1
False,4,2497,481495,False,word-grid,case-014,5,word_affine,8,509224,False,sat,38533,6381255,decode,560,1
False,4,1117,130379,False,word-grid,case-015,1,sat_mul_sub,8,171681,False,sat,42341,4327103,decode,128,1
False,4,3619,581445,False,word-grid,case-016,10,mul_sub,8,430724,False,sat,33344,5861171,decode,944,1
False,4,4250,678005,False,word-grid,case-017,10,sub_mul,8,894086,False,sat,50123,6195340,decode,1136,1
False,4,3620,702036,False,word-grid,case-018,10,word_sub,8,543654,False,sat,55035,6296752,decode,944,1
False,4,4609,751018,False,word-grid,case-019,11,word_affine,8,558217,False,sat,36824,6286298,decode,1232,1
False,4,1117,132591,False,word-grid,case-020,1,sat_mul_sub,8,181750,False,sat,42126,4486563,decode,128,1
False,4,6022,1022251,False,word-grid,case-021,15,mul_sub,8,882506,False,sat,35627,9492468,decode,1696,1
False,4,6366,1025129,False,word-grid,case-022,16,sub_mul,8,904804,False,sat,33084,14475073,decode,1808,1
False,4,6381,1065781,False,word-grid,case-023,16,word_sub,8,956049,False,sat,34249,10841108,decode,1808,1
False,4,6401,1078533,False,word-grid,case-024,16,word_affine,8,939770,False,sat,35869,11260355,decode,1808,1
False,4,1120,155879,False,word-grid,case-025,1,sat_mul_sub,8,198235,False,sat,45825,8552973,decode,128,1
False,4,1571,122288,False,word-grid,case-026,2,mul_sub,8,296848,False,sat,34847,5700256,decode,30,1
False,4,1562,136327,False,word-grid,case-027,2,sub_mul,8,159604,False,sat,34070,7674767,decode,30,1
False,4,1572,122574,False,word-grid,case-028,2,word_sub,8,176770,False,sat,36792,5655755,decode,30,1
False,4,1566,123736,False,word-grid,case-029,2,word_affine,8,239254,False,sat,36160,7285970,decode,30,1
False,4,1178,94188,False,word-grid,case-030,1,sat_mul_sub,8,171030,False,sat,42421,4520096,decode,16,1
True,8,815,89616,True,word-grid,case-031,1,mul_sub,4,133442,True,unsat,34928,2697795,accepted,64,1
True,8,815,88939,False,word-grid,case-032,1,sub_mul,4,127572,True,unsat,29465,2724222,accepted,64,1
True,8,816,85603,False,word-grid,case-033,1,word_sub,4,139981,True,unsat,30141,3801732,accepted,64,1
True,8,819,87752,False,word-grid,case-034,1,word_affine,4,131285,True,unsat,25265,3449998,accepted,64,1
True,8,819,86811,False,word-grid,case-035,1,sat_mul_sub,4,136047,True,unsat,31296,3705850,accepted,64,1
True,8,822,93184,True,word-grid,case-036,1,mul_sub,4,141011,True,unsat,32502,3403751,accepted,64,1
True,8,822,96028,False,word-grid,case-037,1,sub_mul,4,137519,True,unsat,30914,3323431,accepted,64,1
False,8,1235,160326,False,word-grid,case-038,4,word_sub,4,395583,True,sat,26250,6526369,decode,176,1
False,8,1238,159599,False,word-grid,case-039,4,word_affine,4,225269,True,sat,25551,9784874,decode,176,1
True,8,826,97307,False,word-grid,case-040,1,sat_mul_sub,4,152997,True,unsat,84457,6906711,accepted,64,1
True,8,822,95303,True,word-grid,case-041,1,mul_sub,4,139933,True,unsat,35256,10282487,accepted,64,1
False,8,1227,526754,False,word-grid,case-042,4,sub_mul,4,218060,True,sat,49536,9135398,decode,176,1
False,8,1235,168634,False,word-grid,case-043,4,word_sub,4,2379158,True,sat,83988,11726592,decode,176,1
False,8,1238,159325,False,word-grid,case-044,4,word_affine,4,162285,True,sat,39824,9044457,decode,176,1
True,8,826,98964,False,word-grid,case-045,1,sat_mul_sub,4,188174,True,unsat,32523,8203756,accepted,64,1
True,8,824,96068,True,word-grid,case-046,1,mul_sub,4,147716,True,unsat,35667,6885968,accepted,64,1
False,8,1229,163844,False,word-grid,case-047,4,sub_mul,4,231984,True,sat,24182,8361159,decode,176,1
False,8,1237,170502,False,word-grid,case-048,4,word_sub,4,315342,True,sat,29532,8868508,decode,176,1
False,8,1240,161078,False,word-grid,case-049,4,word_affine,4,209338,True,sat,26831,9617706,decode,176,1
True,8,828,93463,False,word-grid,case-050,1,sat_mul_sub,4,115261,True,unsat,100229,6973622,accepted,64,1
True,8,825,93906,False,word-grid,case-051,1,mul_sub,4,103875,True,unsat,25593,7060259,accepted,64,1
False,8,1237,166193,False,word-grid,case-052,4,sub_mul,4,221291,True,sat,24488,9501669,decode,176,1
False,8,1238,197063,False,word-grid,case-053,4,word_sub,4,223503,True,sat,27321,8901377,decode,176,1
False,8,1241,162560,False,word-grid,case-054,4,word_affine,4,193683,True,sat,26585,8644068,decode,176,1
False,8,990,123524,False,word-grid,case-055,2,sat_mul_sub,4,188506,False,sat,41114,9196538,decode,112,1
False,8,1278,100511,False,word-grid,case-056,4,mul_sub,4,186095,True,sat,25114,9629141,decode,22,1
True,8,841,73124,False,word-grid,case-057,1,sub_mul,4,127444,True,unsat,24566,7922542,accepted,8,1
True,8,842,72941,False,word-grid,case-058,1,word_sub,4,126667,True,unsat,26446,8159103,accepted,8,1
True,8,845,140592,False,word-grid,case-059,1,word_affine,4,167998,True,unsat,29092,7508311,accepted,8,1
False,8,849,73458,False,word-grid,case-060,1,sat_mul_sub,4,149969,False,sat,31361,9086827,decode,8,1
True,16,686,73705,True,word-grid,case-061,1,mul_sub,2,130331,True,unsat,19930,3441266,accepted,32,1
True,16,686,69851,False,word-grid,case-062,1,sub_mul,2,231923,True,unsat,19257,2921898,accepted,32,1
True,16,687,67481,False,word-grid,case-063,1,word_sub,2,77610,True,unsat,19012,2898638,accepted,32,1
True,16,690,67932,False,word-grid,case-064,1,word_affine,2,121995,True,unsat,26604,3309901,accepted,32,1
True,16,690,67564,False,word-grid,case-065,1,sat_mul_sub,2,81224,True,unsat,63181,3165874,accepted,32,1
True,16,693,73102,True,word-grid,case-066,1,mul_sub,2,229525,True,unsat,18728,3465537,accepted,32,1
True,16,693,368735,False,word-grid,case-067,1,sub_mul,2,80843,True,unsat,18819,4958028,accepted,32,1
False,16,849,92923,False,word-grid,case-068,4,word_sub,2,131820,True,sat,25128,5594640,decode,48,1
False,16,852,92534,False,word-grid,case-069,4,word_affine,2,153714,True,sat,20957,5356754,decode,48,1
True,16,697,76229,False,word-grid,case-070,1,sat_mul_sub,2,93376,True,unsat,24654,3858955,accepted,32,1
True,16,693,73896,True,word-grid,case-071,1,mul_sub,2,82099,True,unsat,19678,4192689,accepted,32,1
False,16,845,99807,False,word-grid,case-072,4,sub_mul,2,162868,True,sat,18153,3823766,decode,48,1
False,16,849,87383,False,word-grid,case-073,4,word_sub,2,150856,True,sat,20836,5460712,decode,48,1
False,16,852,89170,False,word-grid,case-074,4,word_affine,2,154511,True,sat,20527,5371893,decode,48,1
True,16,697,72653,False,word-grid,case-075,1,sat_mul_sub,2,119277,True,unsat,21953,3817401,accepted,32,1
True,16,695,72320,True,word-grid,case-076,1,mul_sub,2,81518,True,unsat,20647,3864984,accepted,32,1
False,16,847,90729,False,word-grid,case-077,4,sub_mul,2,141532,True,sat,18224,3690352,decode,48,1
False,16,851,120360,False,word-grid,case-078,4,word_sub,2,99016,True,sat,20480,5430743,decode,48,1
False,16,854,117512,False,word-grid,case-079,4,word_affine,2,103017,True,sat,21195,5643386,decode,48,1
True,16,699,90800,False,word-grid,case-080,1,sat_mul_sub,2,126881,True,unsat,23396,4483851,accepted,32,1
True,16,696,91568,True,word-grid,case-081,1,mul_sub,2,200419,True,unsat,20037,3506167,accepted,32,1
False,16,851,87684,False,word-grid,case-082,4,sub_mul,2,128098,True,sat,17964,4179182,decode,48,1
False,16,852,89695,False,word-grid,case-083,4,word_sub,2,204198,True,sat,19468,5407684,decode,48,1
False,16,855,87521,False,word-grid,case-084,4,word_affine,2,98476,True,sat,54220,5417034,decode,48,1
True,16,700,99071,False,word-grid,case-085,1,sat_mul_sub,2,90661,True,unsat,259134,4305945,accepted,32,1
True,16,701,95265,True,word-grid,case-086,1,mul_sub,2,90869,True,unsat,52164,4455836,accepted,4,1
True,16,701,57689,False,word-grid,case-087,1,sub_mul,2,98138,True,unsat,17029,4485698,accepted,4,1
True,16,702,60366,False,word-grid,case-088,1,word_sub,2,104626,True,unsat,26321,3981220,accepted,4,1
True,16,705,60115,False,word-grid,case-089,1,word_affine,2,68714,True,unsat,18580,3983237,accepted,4,1
True,16,705,61271,False,word-grid,case-090,1,sat_mul_sub,2,122396,True,unsat,22020,3954787,accepted,4,1
True,32,624,60576,True,word-grid,case-091,1,mul_sub,1,85752,True,unsat,12758,2546451,accepted,16,1
True,32,624,58252,False,word-grid,case-092,1,sub_mul,1,94999,True,unsat,12951,2550990,accepted,16,1
True,32,625,53672,False,word-grid,case-093,1,word_sub,1,58784,True,unsat,13223,2854711,accepted,16,1
True,32,628,54825,False,word-grid,case-094,1,word_affine,1,89637,True,unsat,12956,2558946,accepted,16,1
True,32,628,55207,False,word-grid,case-095,1,sat_mul_sub,1,59624,True,unsat,51077,2857419,accepted,16,1
True,32,631,62173,True,word-grid,case-096,1,mul_sub,1,165836,True,unsat,12373,2679156,accepted,16,1
True,32,631,58066,False,word-grid,case-097,1,sub_mul,1,103076,True,unsat,11429,2820947,accepted,16,1
True,32,670,61287,False,word-grid,case-098,2,word_sub,1,66705,True,unsat,13073,2622476,accepted,16,1
True,32,673,61081,False,word-grid,case-099,2,word_affine,1,134047,True,unsat,13149,2511539,accepted,16,1
True,32,635,54292,False,word-grid,case-100,1,sat_mul_sub,1,59967,True,unsat,14290,3186851,accepted,16,1
True,32,631,58431,True,word-grid,case-101,1,mul_sub,1,93107,True,unsat,11712,3258618,accepted,16,1
True,32,668,62325,False,word-grid,case-102,2,sub_mul,1,99972,True,unsat,12126,2457438,accepted,16,1
True,32,670,101820,False,word-grid,case-103,2,word_sub,1,63294,True,unsat,13603,2448588,accepted,16,1
True,32,673,57594,False,word-grid,case-104,2,word_affine,1,62978,True,unsat,13284,2694560,accepted,16,1
True,32,635,52357,False,word-grid,case-105,1,sat_mul_sub,1,63343,True,unsat,50442,2937921,accepted,16,1
True,32,631,58420,True,word-grid,case-106,1,mul_sub,1,65980,True,unsat,12612,2656444,accepted,16,1
True,32,668,59437,False,word-grid,case-107,2,sub_mul,1,67639,True,unsat,12347,3090781,accepted,16,1
True,32,670,58535,False,word-grid,case-108,2,word_sub,1,93954,True,unsat,13556,2618288,accepted,16,1
True,32,673,55335,False,word-grid,case-109,2,word_affine,1,61712,True,unsat,12525,2633591,accepted,16,1
True,32,635,54953,False,word-grid,case-110,1,sat_mul_sub,1,99899,True,unsat,14142,3566320,accepted,16,1
True,32,634,59301,True,word-grid,case-111,1,mul_sub,1,112788,True,unsat,13119,2726353,accepted,16,1
True,32,672,61012,False,word-grid,case-112,2,sub_mul,1,95300,True,unsat,12222,2901411,accepted,16,1
True,32,673,62335,False,word-grid,case-113,2,word_sub,1,103329,True,unsat,17745,2451009,accepted,16,1
True,32,676,60129,False,word-grid,case-114,2,word_affine,1,97098,True,unsat,13110,2424879,accepted,16,1
True,32,638,82599,False,word-grid,case-115,1,sat_mul_sub,1,57716,True,unsat,13769,2929343,accepted,16,1
True,32,635,51950,True,word-grid,case-116,1,mul_sub,1,275892,True,unsat,12781,2781410,accepted,2,1
True,32,635,49537,False,word-grid,case-117,1,sub_mul,1,56407,True,unsat,11488,2353637,accepted,2,1
True,32,636,334767,False,word-grid,case-118,1,word_sub,1,51542,True,unsat,14670,2769522,accepted,2,1
True,32,639,47864,False,word-grid,case-119,1,word_affine,1,103675,True,unsat,12772,3098911,accepted,2,1
True,32,639,48272,False,word-grid,case-120,1,sat_mul_sub,1,56372,True,unsat,14281,3267961,accepted,2,1
True,8,822,184968,True,size-layout,case-121,1,mul_sub,4,155086,True,not-run,,,accepted,64,1
True,8,1014,96359,True,size-layout,case-122,1,mul_sub,16,133673,True,not-run,,,accepted,64,1
True,8,1810,153635,True,size-layout,case-123,1,mul_sub,64,293947,True,not-run,,,accepted,64,1
True,8,5296,402616,True,size-layout,case-124,1,mul_sub,256,788398,True,not-run,,,accepted,64,1
True,8,19555,1450068,True,size-layout,case-125,1,mul_sub,1024,3013841,True,not-run,,,accepted,64,1
True,8,82534,5711643,True,size-layout,case-126,1,mul_sub,4096,12498604,True,not-run,,,accepted,64,1
True,8,888,98358,False,boundary,case-127,2,mul_sub,4,129253,True,not-run,,,accepted,5,1
True,4,1155,101753,False,boundary,case-128,1,sat_mul_sub,8,119070,True,not-run,,,accepted,8,1
False,8,1283,114599,True,accumulation,case-129,1,mul_sub,32,160981,True,not-run,,,accumulation,64,1
True,8,1341,136291,True,accumulation,case-130,1,mul_sub,32,160435,True,not-run,,,accepted,64,1
False,8,1348,112068,True,accumulation,case-131,1,mul_sub,32,197687,True,not-run,,,accumulation,64,1
True,8,1159,85754,False,accumulation,case-132,1,mul_sub,8,65785,True,not-run,,,accepted,8,2
False,8,1578,91010,False,accumulation,case-133,1,mul_sub,8,91605,True,not-run,,,accumulation,8,2
False,8,1228,70815,False,accumulation,case-134,1,mul_sub,8,75917,True,not-run,,,accumulation,8,2
True,8,1163,68722,False,accumulation,case-135,1,mul_sub,8,89476,True,not-run,,,accepted,8,2
False,8,1225,69370,False,accumulation,case-136,1,mul_sub,8,72165,True,not-run,,,accumulation,8,2
False,8,1276,111615,True,layout,case-137,1,mul_sub,32,152263,True,not-run,,,layout,64,1
False,8,1276,108456,True,layout,case-138,1,mul_sub,32,172881,True,not-run,,,layout,64,1
False,8,1275,107302,True,layout,case-139,1,mul_sub,32,173310,True,not-run,,,layout,64,1
False,8,1276,108591,True,layout,case-140,1,mul_sub,32,189392,True,not-run,,,layout,64,1
False,8,1293,109063,True,layout,case-141,1,mul_sub,32,264187,True,not-run,,,layout,64,1
True,8,1277,106887,True,layout,case-142,1,mul_sub,32,171626,True,not-run,,,accepted,64,1
